{"SPY": [0.04677005318053229, 0.04676591552715739, 0.04753338456149529, 0.0474987217123925, 0.04777125785400951], "QQQ": [0.04779879970105724, 0.04817331981337977, 0.0495582846884787, 0.04963690233512413, 0.04948515255276306], "IWM": [0.009917259267083423, 0.013683321940279353, 0.013785472855654263, 0.015147069321658574], "XLK": [0.042385471543275655, 0.053338424798471756, 0.049691220772111966, 0.04238897379921541], "TLT": [0.004005771296634694, 0.0036578763511773693, 0.0017215981396075525, -0.0008105106723483024], "AAPL": [-0.005229563035605567, 0.002777693723247293, 0.002565800582757932, 0.004671198659836451], "MSFT": [-0.000905902092478289, 0.001398640724781769, 0.002857840093682007, 0.0027136168060896415], "NVDA": [0.025946369764198285, 0.02947961069798949, 0.029324393366326695, 0.02845640519392112]}