{"SPY": [0.04677005318053229, 0.04676591552715739, 0.04753338456149529, 0.0474987217123925, 0.04777125785400951, 0.04787511121130576, 0.047785760522134305, 0.04782895163577265, 0.048046204289747166, 0.051670248607869174, 0.05167219229718084, 0.0516732290302989, 0.051673995780373, 0.05167486659515984, 0.05168385114797168, 0.13180222108343653, 0.025344909831306994, 0.08165983977683375, 0.03371161742003892, 0.04250938090046251, 0.03521267990775215, 0.008988553100610197, 0.11674258724709051, 0.07485579602820719, 0.10119576930373071, 0.004465594123362504, 0.13180222108343653, 0.025344909831306994, 0.08165983977683375, 0.03371161742003892, 0.04250938090046251, 0.05169227345586308], "QQQ": [0.04779879970105724, 0.04817331981337977, 0.0495582846884787, 0.04963690233512413, 0.04948515255276306, 0.049980912877526706, 0.05049453933143824, 0.05049551345096545, 0.05075803789411046, 0.044464628280943136, 0.04446566040924302, 0.04446619908644786, 0.04446660156803972, 0.04446705541467591, 0.04447179454441044, 0.0444762230498611], "IWM": [0.009917259267083423, 0.013683321940279353, 0.013785472855654263, 0.015147069321658574, 0.015146782604611359, 0.014700634039317817, 0.013053492637953329, 0.017028117490368838, 0.019955246447025593, 0.019955164096146782, 0.019955127899137254, 0.01995508006476568, 0.01995503949634539, 0.019954660889247855, 0.06573964844416519, 0.05059025025271388, 0.06789877490440613, 0.019356780281502145, 0.07265784855897148, 0.03786329569046373, 0.08684376983666203, 0.08214945855613684, 0.060387943895408414, 0.10591975945625176, 0.08836507980010666, 0.01995434221843423], "XLK": [0.042385471543275655, 0.053338424798471756, 0.049691220772111966, 0.04238897379921541, 0.04275538356335326, 0.04275649152077615, 0.04348840779154306, 0.04714840465607334, 0.05341526787352163, 0.05341727740983365, 0.0534183472614852, 0.05341913757380057, 0.053420030319949074, 0.05342936866927328, 0.05343808785264989], "TLT": [0.004005771296634694, 0.0036578763511773693, 0.0017215981396075525, -0.0008105106723483024, 0.0015933481664669735, 0.0004309147061384022, 0.0004312185188474482, 0.001079472110956492, -0.0014970372066176463, -0.0014967176599562648, -0.0014965472800436835, -0.0014964232871477745, -0.001496281918762568, -0.0014948049564195848, 0.028362359390975617, 0.026682750536702576, 0.00712604492659677, 0.023955140966640837, 0.028223708598636016, 0.024111752534787867, 0.026683088970368085, 0.04821976140166298, 0.022636162123801457, 0.03216189374708571, 0.0376619504234644, -0.0014934286450312], "AAPL": [-0.005229563035605567, 0.002777693723247293, 0.002565800582757932, 0.004671198659836451, 0.0053241160734574244, 0.001508355403946282, 0.0031169173370667325, 2.3465316633969335e-05, -0.016097009190159106, -0.016099803816493147, -0.01610129367204055, -0.016102383757318844, -0.01610361977060229, -0.016116554092770435, -0.0161286306620827], "MSFT": [-0.000905902092478289, 0.001398640724781769, 0.002857840093682007, 0.0027136168060896415, 0.0019439373579325792, 0.0021755264449689338, 0.00512623217360883, 0.0010563451454058403, -0.006256321924125313, -0.006258310583753507, -0.006259372596562035, -0.006260143248322719, -0.006261029146792274, -0.0062702480296266405, -0.006278841590245887], "NVDA": [0.025946369764198285, 0.02947961069798949, 0.029324393366326695, 0.02845640519392112, 0.024177004479296105, 0.023788577437835356, 0.023726233054292056, 0.02785728838773127, 0.023565440528429182, 0.02356481247710801, 0.02356448152537821, 0.023564238726667297, 0.02356396378628095, 0.02356109249781535, 0.02355841474411441]}