{"SPY": [0.04677005318053229, 0.04676591552715739, 0.04753338456149529], "QQQ": [0.04779879970105724, 0.04817331981337977, 0.0495582846884787], "IWM": [0.009917259267083423, 0.013683321940279353], "XLK": [0.042385471543275655, 0.053338424798471756], "TLT": [0.004005771296634694, 0.0036578763511773693], "AAPL": [-0.005229563035605567, 0.002777693723247293], "MSFT": [-0.000905902092478289, 0.001398640724781769], "NVDA": [0.025946369764198285, 0.02947961069798949]}